epoch,time,train/box_loss,train/cls_loss,train/dfl_loss,metrics/precision(B),metrics/recall(B),metrics/mAP50(B),metrics/mAP50-95(B),val/box_loss,val/cls_loss,val/dfl_loss,lr/pg0,lr/pg1,lr/pg2
1,97.0325,0.70539,3.14564,1.10859,0.00351,1,0.32442,0.24848,0.29029,3.31245,0.83627,0.00011669,0.00011669,0.00011669
2,253.452,0.67203,2.78765,1.09657,0.00341,0.98485,0.44583,0.37002,0.43234,3.3063,0.88861,0.000247575,0.000247575,0.000247575
3,397.133,0.60713,2.25036,1.0635,0.0035,1,0.51667,0.42813,0.41798,3.24493,0.90361,0.000375818,0.000375818,0.000375818
4,522.854,0.75514,2.06739,1.14353,0.0035,1,0.45434,0.3521,0.56923,3.23794,1.01876,0.000501422,0.000501422,0.000501422
5,655.507,0.69298,1.86467,1.06515,0.9449,0.18182,0.43041,0.34595,0.59199,3.25042,0.99493,0.000624385,0.000624385,0.000624385
6,790.374,0.6868,1.66036,1.02087,1,0.17819,0.38803,0.27076,1.049,3.59985,1.48153,0.000744707,0.000744707,0.000744707
7,925.899,0.71251,1.50894,1.04327,0.92291,0.27273,0.38733,0.23838,1.09763,3.48846,1.5404,0.000862389,0.000862389,0.000862389
8,1012.21,0.73505,1.48096,1.09768,0.84258,0.19788,0.29943,0.15829,1.41704,3.67627,1.7883,0.00097743,0.00097743,0.00097743
9,1128.36,0.67901,1.36971,1.02589,0.51951,0.04545,0.01017,0.00411,2.29315,5.07288,4.59839,0.00108983,0.00108983,0.00108983
10,1195.71,0.76419,1.36695,1.04851,0.68803,0.09091,0.10675,0.07534,1.9319,4.12901,3.14058,0.00119959,0.00119959,0.00119959
11,1265.76,0.74667,1.47642,1.10502,0.81162,0.12554,0.22193,0.13478,1.59432,3.74911,2.04347,0.00130671,0.00130671,0.00130671
12,1374.43,0.75273,1.51617,1.10652,0.88893,0.25758,0.3934,0.28054,1.22285,3.21411,1.64399,0.00141119,0.00141119,0.00141119
13,1520.99,0.78644,1.38629,1.09873,0.8908,0.37961,0.55983,0.42348,0.92508,2.60692,1.3804,0.00146896,0.00146896,0.00146896
14,1614.47,0.76725,1.32452,1.06736,0.61574,0.56629,0.52605,0.39964,0.98214,2.68474,1.58275,0.00145246,0.00145246,0.00145246
15,1693.08,0.83632,1.43393,1.12059,0.60314,0.53598,0.4826,0.30266,1.09958,2.802,1.45879,0.00143595,0.00143595,0.00143595
16,1787.5,0.82671,1.40026,1.11959,0.62506,0.45833,0.49698,0.31857,1.37979,2.67129,1.65264,0.00141945,0.00141945,0.00141945
17,1913.72,0.71484,1.16593,1.04788,0.44837,0.42375,0.37486,0.22841,1.42797,2.75198,1.7487,0.00140295,0.00140295,0.00140295
18,2041.77,0.67107,1.03603,1.00608,0.41904,0.49002,0.4597,0.34907,1.03238,2.3448,1.31888,0.00138644,0.00138644,0.00138644
19,2166.44,0.70831,1.07127,1.05579,0.82228,0.41221,0.45327,0.35487,1.06188,2.50866,1.4134,0.00136994,0.00136994,0.00136994
20,2294.22,0.7069,1.12913,1.04578,0.91472,0.3685,0.52608,0.33955,1.14814,2.52563,1.53878,0.00135344,0.00135344,0.00135344
21,2426.37,0.72722,1.14457,1.06934,0.87602,0.43939,0.48271,0.3391,1.01653,2.47264,1.42363,0.00133693,0.00133693,0.00133693
22,2554.17,0.76565,1.15083,1.08264,0.89442,0.46784,0.53092,0.36277,1.28843,2.14742,1.59532,0.00132043,0.00132043,0.00132043
23,2685.53,0.80356,1.09659,1.09084,0.92199,0.39394,0.46016,0.32104,1.2154,2.264,1.45183,0.00130393,0.00130393,0.00130393
24,2810.36,0.73207,1.21815,1.08891,0.97729,0.45455,0.5744,0.43069,1.14497,2.09597,1.39736,0.00128742,0.00128742,0.00128742
25,2938.84,0.6998,1.08806,1.01374,0.89877,0.43939,0.47765,0.36969,1.37045,2.19799,1.60673,0.00127092,0.00127092,0.00127092
26,3067.09,0.7352,1.04881,1.0638,0.90646,0.42424,0.47662,0.35104,0.93634,2.25388,1.25832,0.00125442,0.00125442,0.00125442
27,3192.48,0.70449,1.0374,1.05592,0.49121,0.5625,0.52828,0.43677,0.6996,1.84173,1.06963,0.00123791,0.00123791,0.00123791
28,3320.75,0.64885,0.90435,0.99316,0.95209,0.48485,0.57317,0.46471,0.68548,1.92494,1.07244,0.00122141,0.00122141,0.00122141
29,3446.84,0.63119,0.92054,1.02906,0.91795,0.46316,0.53224,0.44906,0.63013,2.17334,1.03879,0.00120491,0.00120491,0.00120491
30,3574.95,0.64271,0.90782,1.01891,0.90605,0.43939,0.55817,0.47207,0.65162,2.30619,1.0705,0.0011884,0.0011884,0.0011884
31,3701.82,0.67764,0.90874,1.0287,0.49258,0.6875,0.60567,0.49205,0.62692,2.09343,1.13427,0.0011719,0.0011719,0.0011719
32,3829,0.68128,0.87091,1.04655,0.7464,0.69322,0.73185,0.61401,0.71135,1.59169,1.09967,0.0011554,0.0011554,0.0011554
33,3957.04,0.62078,0.98616,0.98382,0.9107,0.7197,0.79637,0.66258,0.78502,1.39664,1.14149,0.00113889,0.00113889,0.00113889
34,4081.34,0.68504,0.90206,1.02662,0.94444,0.73459,0.80431,0.6656,0.83599,1.35983,1.20875,0.00112239,0.00112239,0.00112239
35,4211.5,0.63139,0.80723,1.0048,0.88486,0.72768,0.7994,0.69572,0.77815,1.28508,1.20064,0.00110589,0.00110589,0.00110589
36,4337.59,0.56129,0.8208,0.97217,0.84912,0.66057,0.7305,0.64879,0.63641,1.21997,1.07721,0.00108938,0.00108938,0.00108938
37,4462.19,0.63763,0.87038,1.03321,0.69024,0.8447,0.77512,0.63586,0.69318,1.16428,1.1175,0.00107288,0.00107288,0.00107288
38,4589.89,0.59966,0.7793,1.02522,0.83124,0.73435,0.8306,0.6282,0.84181,1.17729,1.25489,0.00105638,0.00105638,0.00105638
39,4666.61,0.61097,0.77666,1.00348,0.96601,0.74909,0.8432,0.67048,0.87806,1.21811,1.25802,0.00103987,0.00103987,0.00103987
40,4744.94,0.57098,0.76787,0.99374,0.98192,0.75189,0.85861,0.71792,0.72615,1.09083,1.08591,0.00102337,0.00102337,0.00102337
41,4813.36,0.52965,0.72718,0.95034,0.96791,0.7197,0.82177,0.69633,0.74107,1.29294,1.20896,0.00100687,0.00100687,0.00100687
42,4885.34,0.57709,0.72261,1.00655,0.90657,0.7197,0.81439,0.70088,0.6723,1.40921,1.08923,0.000990365,0.000990365,0.000990365
43,4962.69,0.58539,0.78843,1.00015,0.8357,0.80403,0.8439,0.73216,0.59025,1.26964,0.97646,0.000973861,0.000973861,0.000973861
44,5044.58,0.53651,0.70953,0.97097,0.85328,0.76713,0.76719,0.69965,0.53512,1.43229,0.95848,0.000957358,0.000957358,0.000957358
45,5130.02,0.53837,0.767,0.95156,0.75562,0.77914,0.74268,0.67563,0.5224,1.70393,0.9512,0.000940855,0.000940855,0.000940855
46,5209.02,0.60807,0.70066,1.00953,0.80235,0.73485,0.7352,0.6736,0.45383,1.67815,0.9389,0.000924352,0.000924352,0.000924352
47,5285.56,0.55087,0.70534,0.9948,0.69639,0.6875,0.68389,0.62271,0.46288,1.77847,0.93792,0.000907848,0.000907848,0.000907848
48,5361.29,0.5507,0.68803,0.97691,0.57554,0.67133,0.63274,0.57473,0.47118,1.85559,0.94711,0.000891345,0.000891345,0.000891345
49,5436.91,0.50774,0.65374,0.96271,0.65717,0.67941,0.68102,0.62282,0.44378,1.7219,0.92346,0.000874842,0.000874842,0.000874842
50,5511.19,0.55041,0.65037,0.95814,0.75758,0.8664,0.89713,0.82136,0.44623,1.03982,0.89438,0.000858338,0.000858338,0.000858338
51,5587.65,0.53995,0.66925,0.97122,0.86536,0.92163,0.94067,0.83719,0.50105,0.81363,0.9339,0.000841835,0.000841835,0.000841835
52,5664.51,0.54938,0.69846,0.97576,0.96165,0.84726,0.93506,0.85364,0.47101,0.78269,0.97412,0.000825332,0.000825332,0.000825332
53,5739.35,0.50947,0.62314,0.95008,0.98382,0.90592,0.95346,0.85399,0.43958,0.71031,0.93267,0.000808828,0.000808828,0.000808828
54,5818.56,0.49964,0.61238,0.93676,0.91879,0.9375,0.94563,0.85685,0.43734,0.66764,0.90879,0.000792325,0.000792325,0.000792325
55,5901.83,0.48419,0.6124,0.95852,0.91271,0.85082,0.9198,0.84419,0.41614,0.72896,0.89341,0.000775822,0.000775822,0.000775822
56,5978.38,0.52702,0.62825,0.97079,0.84261,0.9375,0.91864,0.84878,0.43253,0.72486,0.91892,0.000759318,0.000759318,0.000759318
57,6054.26,0.5042,0.54993,0.92724,0.86246,0.9292,0.9069,0.82895,0.44256,0.74456,0.94781,0.000742815,0.000742815,0.000742815
58,6137.45,0.493,0.59108,0.92364,0.87103,0.89205,0.93688,0.84331,0.47081,0.73855,0.95268,0.000726312,0.000726312,0.000726312
59,6214.55,0.44118,0.54166,0.91275,0.97351,0.75189,0.89261,0.79703,0.49376,0.8918,0.9549,0.000709809,0.000709809,0.000709809
60,6292.94,0.51104,0.6115,0.9765,0.94811,0.68939,0.78444,0.72944,0.45107,1.15531,0.93905,0.000693305,0.000693305,0.000693305
61,6374.56,0.50654,0.54493,0.93493,0.95401,0.73485,0.7622,0.70515,0.45869,1.26378,0.93529,0.000676802,0.000676802,0.000676802
62,6449.4,0.48954,0.55743,0.96893,0.95032,0.70455,0.78233,0.72278,0.45928,1.23906,0.92539,0.000660299,0.000660299,0.000660299
63,6524.78,0.50621,0.56192,0.94698,0.90796,0.75,0.79829,0.71944,0.5067,1.28178,0.98709,0.000643795,0.000643795,0.000643795
64,6601.04,0.4451,0.51534,0.92632,0.89078,0.80116,0.81211,0.71534,0.51531,1.4029,0.97933,0.000627292,0.000627292,0.000627292
65,6675.21,0.4934,0.54933,0.96345,0.94153,0.81235,0.80295,0.73829,0.45395,1.27515,0.94158,0.000610789,0.000610789,0.000610789
66,6750.95,0.43799,0.54237,0.93986,0.94165,0.79735,0.81616,0.75824,0.43861,1.09769,0.90869,0.000594286,0.000594286,0.000594286
67,6828.66,0.46864,0.50386,0.91293,0.93704,0.8125,0.84864,0.78089,0.46207,1.01788,0.90895,0.000577782,0.000577782,0.000577782
68,6902.57,0.45257,0.55038,0.92712,0.94047,0.80819,0.88908,0.80971,0.44563,0.95984,0.92487,0.000561279,0.000561279,0.000561279
69,6979.5,0.42111,0.50063,0.92838,0.95204,0.79735,0.86346,0.78109,0.48581,1.02598,0.96113,0.000544776,0.000544776,0.000544776
70,7060.44,0.45861,0.50347,0.9307,0.91409,0.80314,0.82979,0.75939,0.52782,1.19623,1.0107,0.000528272,0.000528272,0.000528272
71,7137.9,0.44457,0.51548,0.93048,0.91354,0.75,0.8147,0.73731,0.51344,1.22649,1.00309,0.000511769,0.000511769,0.000511769
72,7217.03,0.44459,0.53042,0.93286,0.79957,0.8125,0.82561,0.75795,0.49994,1.20655,0.99835,0.000495266,0.000495266,0.000495266
73,7292.11,0.44157,0.50158,0.95113,0.92186,0.80433,0.89351,0.82195,0.47509,1.0235,0.97247,0.000478762,0.000478762,0.000478762
74,7366.58,0.44529,0.48612,0.96542,0.94669,0.86591,0.93427,0.84105,0.48285,0.8569,0.95984,0.000462259,0.000462259,0.000462259
75,7442.81,0.43123,0.47716,0.93339,0.96629,0.86496,0.92687,0.83651,0.45275,0.82944,0.94909,0.000445756,0.000445756,0.000445756
76,7519.63,0.40235,0.48137,0.92253,0.97568,0.87089,0.95087,0.85754,0.41821,0.7713,0.93733,0.000429253,0.000429253,0.000429253
77,7592.74,0.41423,0.5088,0.92058,0.977,0.87174,0.94143,0.85617,0.41496,0.7099,0.9275,0.000412749,0.000412749,0.000412749
78,7667.13,0.40465,0.45492,0.90779,0.85152,0.875,0.9197,0.85327,0.43256,0.69584,0.92564,0.000396246,0.000396246,0.000396246
79,7743.92,0.48393,0.50358,0.94284,0.80766,0.93241,0.9175,0.83779,0.43126,0.67996,0.90914,0.000379743,0.000379743,0.000379743
80,7818.99,0.39156,0.44956,0.9129,0.8009,0.9375,0.91837,0.8356,0.43882,0.68746,0.91194,0.000363239,0.000363239,0.000363239
81,7899.53,0.41238,0.45602,0.93199,0.79604,0.9375,0.91596,0.84142,0.43486,0.7053,0.90491,0.000346736,0.000346736,0.000346736
82,7980.41,0.40347,0.47962,0.90386,0.81787,0.9375,0.91934,0.85743,0.40738,0.70047,0.89438,0.000330233,0.000330233,0.000330233
83,8063.18,0.41917,0.46836,0.89879,0.82966,0.93603,0.91985,0.84923,0.40615,0.66828,0.88,0.000313729,0.000313729,0.000313729
84,8141.81,0.40913,0.47753,0.93705,0.8223,0.9375,0.91865,0.85698,0.40039,0.66433,0.87493,0.000297226,0.000297226,0.000297226
85,8216.08,0.41239,0.47391,0.93392,0.87991,0.89717,0.92826,0.85041,0.40137,0.68017,0.88117,0.000280723,0.000280723,0.000280723
86,8291.02,0.40772,0.45201,0.93442,0.86518,0.9375,0.92981,0.85979,0.38608,0.68464,0.88257,0.00026422,0.00026422,0.00026422
87,8368.32,0.36941,0.44275,0.90397,0.88837,0.86955,0.92532,0.86758,0.37318,0.6797,0.88135,0.000247716,0.000247716,0.000247716
88,8444.96,0.36962,0.43924,0.90398,0.89206,0.87101,0.92698,0.88163,0.37756,0.67754,0.88185,0.000231213,0.000231213,0.000231213
89,8520.68,0.40605,0.47841,0.93681,0.89502,0.87217,0.92698,0.87763,0.39201,0.69448,0.89615,0.00021471,0.00021471,0.00021471
90,8596.43,0.37658,0.42122,0.8992,0.89212,0.86967,0.92698,0.86904,0.38724,0.70586,0.89542,0.000198206,0.000198206,0.000198206
91,8683.96,0.25815,0.41437,0.87353,0.98514,0.80309,0.92177,0.87138,0.39365,0.73788,0.91245,0.000181703,0.000181703,0.000181703
92,8795.94,0.2397,0.38186,0.83139,0.98089,0.80955,0.92278,0.8724,0.39454,0.75536,0.91151,0.0001652,0.0001652,0.0001652
93,8917.8,0.23834,0.37935,0.82255,0.98032,0.81088,0.92568,0.87608,0.40897,0.77395,0.91767,0.000148696,0.000148696,0.000148696
94,9049.38,0.23624,0.37833,0.8115,0.99477,0.80656,0.92809,0.86148,0.41853,0.8172,0.92541,0.000132193,0.000132193,0.000132193
95,9176.74,0.24962,0.3791,0.81427,0.98413,0.80654,0.92137,0.85485,0.41438,0.81409,0.91997,0.00011569,0.00011569,0.00011569
96,9305.49,0.24251,0.36899,0.8334,0.98007,0.8125,0.91888,0.84312,0.40511,0.79764,0.91582,9.91865e-05,9.91865e-05,9.91865e-05
97,9429.64,0.22623,0.35431,0.81143,0.97907,0.8125,0.92232,0.8631,0.39899,0.80434,0.91634,8.26832e-05,8.26832e-05,8.26832e-05
98,9565.08,0.2299,0.35953,0.80539,0.97838,0.80927,0.93134,0.87137,0.39516,0.7918,0.91108,6.61799e-05,6.61799e-05,6.61799e-05
99,9695.96,0.22887,0.34407,0.82512,0.97867,0.81166,0.93398,0.87613,0.39481,0.78006,0.90892,4.96766e-05,4.96766e-05,4.96766e-05
100,9819.6,0.21819,0.35955,0.82586,0.97742,0.8125,0.93398,0.87923,0.39495,0.76799,0.9096,3.31733e-05,3.31733e-05,3.31733e-05
